{"model":{"version":3,"nodes":[{"name":"RootNode","position":[0,0,0],"rotation":[0,0,0],"scale":[0.01,0.01,0.01],"scaleCompensation":false},{"name":"Plane","position":[0,0,0],"rotation":[2.50448e-06,-0,0],"scale":[100,100,100],"scaleCompensation":false}],"parents":[-1,0],"skins":[],"morphs":[],"vertices":[{"position":{"type":"float32","components":3,"data":[0,-1.03266,-2.96069e-09,0,0.39194,7.17911e-08,0.417221,0.473594,1.33577e-07,2.69848,3.94899,2.67319e-07,1.6672,2.2592,1.60058e-07,2.05677,3.50864,3.19232e-07,1.30245,3.70876,2.45542e-07,2.69848,3.94899,2.67319e-07,2.05677,3.50864,3.19232e-07,0,0.39194,7.17911e-08,0.709997,3.29882,2.91497e-07,0.73839,1.63308,2.38682e-07,0.417221,0.473594,1.33577e-07,0,1.37561,3.40479e-08,0,3.98854,2.70903e-07,0.486103,3.5966,2.35375e-07,1.30245,3.70876,2.45542e-07,1.2123,3.34399,3.93772e-07,0.709997,3.29882,2.91497e-07,2.05677,3.50864,3.19232e-07,0.486103,3.5966,2.35375e-07,0.73839,1.63308,2.38682e-07,0,-1.03266,-2.96069e-09,-0.417221,0.473594,1.33577e-07,0,0.39194,7.17911e-08,-2.69848,3.94899,2.67319e-07,-2.05677,3.50864,3.19232e-07,-1.6672,2.2592,1.60058e-07,-1.30245,3.70876,2.45542e-07,-2.05677,3.50864,3.19232e-07,-2.69848,3.94899,2.67319e-07,-0.73839,1.63308,2.38682e-07,0,0.39194,7.17911e-08,-0.417221,0.473594,1.33577e-07,-0.709997,3.29882,2.91497e-07,0,1.37561,3.40479e-08,-0.486103,3.5966,2.35375e-07,0,3.98854,2.70903e-07,-1.30245,3.70876,2.45542e-07,-1.2123,3.34399,3.93772e-07,-2.05677,3.50864,3.19232e-07,-0.709997,3.29882,2.91497e-07,-0.486103,3.5966,2.35375e-07,-0.73839,1.63308,2.38682e-07,5.43925e-15,-1.03266,1.02068,0.417221,0.473594,1.02068,5.43925e-15,0.39194,1.02068,2.69848,3.94899,1.02068,2.05677,3.50864,1.02068,1.6672,2.2592,1.02068,1.30245,3.70876,1.02068,2.05677,3.50864,1.02068,2.69848,3.94899,1.02068,0.73839,1.63308,1.02068,5.43925e-15,0.39194,1.02068,0.417221,0.473594,1.02068,0.709997,3.29882,1.02068,5.43925e-15,1.37561,1.02068,0.486103,3.5966,1.02068,5.43925e-15,3.98854,1.02068,1.30245,3.70876,1.02068,1.2123,3.34399,1.02068,2.05677,3.50864,1.02068,0.73839,1.63308,1.02068,0.709997,3.29882,1.02068,0.486103,3.5966,1.02068,5.43925e-15,-1.03266,1.02068,5.43925e-15,0.39194,1.02068,-0.417221,0.473594,1.02068,-2.69848,3.94899,1.02068,-1.6672,2.2592,1.02068,-2.05677,3.50864,1.02068,-1.30245,3.70876,1.02068,-2.69848,3.94899,1.02068,-2.05677,3.50864,1.02068,5.43925e-15,0.39194,1.02068,-0.709997,3.29882,1.02068,-0.73839,1.63308,1.02068,-0.417221,0.473594,1.02068,5.43925e-15,1.37561,1.02068,5.43925e-15,3.98854,1.02068,-0.486103,3.5966,1.02068,-0.486103,3.5966,1.02068,-1.30245,3.70876,1.02068,-0.709997,3.29882,1.02068,-1.2123,3.34399,1.02068,-2.05677,3.50864,1.02068,-0.73839,1.63308,1.02068,0.486103,3.5966,1.02068,0,3.98854,2.70903e-07,5.43925e-15,3.98854,1.02068,0.486103,3.5966,2.35375e-07,5.43925e-15,1.37561,1.02068,-0.486103,3.5966,2.35375e-07,0,1.37561,3.40479e-08,-0.486103,3.5966,1.02068,1.6672,2.2592,1.02068,2.05677,3.50864,1.02068,2.05677,3.50864,3.19232e-07,1.6672,2.2592,1.60058e-07,5.43925e-15,-1.03266,1.02068,-0.417221,0.473594,1.02068,-0.417221,0.473594,1.33577e-07,0,-1.03266,-2.96069e-09,0.486103,3.5966,1.02068,1.30245,3.70876,1.02068,1.30245,3.70876,2.45542e-07,0.486103,3.5966,2.35375e-07,-0.73839,1.63308,1.02068,-1.2123,3.34399,1.02068,-1.2123,3.34399,3.93772e-07,-0.73839,1.63308,2.38682e-07,-0.486103,3.5966,1.02068,0,3.98854,2.70903e-07,-0.486103,3.5966,2.35375e-07,5.43925e-15,3.98854,1.02068,-1.6672,2.2592,1.02068,-2.69848,3.94899,1.02068,-2.69848,3.94899,2.67319e-07,-1.6672,2.2592,1.60058e-07,1.30245,3.70876,1.02068,2.69848,3.94899,1.02068,2.69848,3.94899,2.67319e-07,1.30245,3.70876,2.45542e-07,0.417221,0.473594,1.02068,0.73839,1.63308,2.38682e-07,0.73839,1.63308,1.02068,0.417221,0.473594,1.33577e-07,-1.6672,2.2592,1.02068,-2.05677,3.50864,3.19232e-07,-2.05677,3.50864,1.02068,-1.6672,2.2592,1.60058e-07,2.05677,3.50864,1.02068,1.2123,3.34399,1.02068,1.2123,3.34399,3.93772e-07,2.05677,3.50864,3.19232e-07,-0.486103,3.5966,1.02068,-1.30245,3.70876,2.45542e-07,-1.30245,3.70876,1.02068,-0.486103,3.5966,2.35375e-07,0.486103,3.5966,1.02068,0.709997,3.29882,2.91497e-07,0.709997,3.29882,1.02068,0.486103,3.5966,2.35375e-07,-1.30245,3.70876,1.02068,-2.69848,3.94899,2.67319e-07,-2.69848,3.94899,1.02068,-1.30245,3.70876,2.45542e-07,-0.417221,0.473594,1.02068,-0.73839,1.63308,1.02068,-0.73839,1.63308,2.38682e-07,-0.417221,0.473594,1.33577e-07,5.43925e-15,0.39194,1.02068,0.709997,3.29882,1.02068,0.709997,3.29882,2.91497e-07,0,0.39194,7.17911e-08,-2.05677,3.50864,1.02068,-1.2123,3.34399,3.93772e-07,-1.2123,3.34399,1.02068,-2.05677,3.50864,3.19232e-07,5.43925e-15,1.37561,1.02068,0.486103,3.5966,2.35375e-07,0.486103,3.5966,1.02068,0,1.37561,3.40479e-08,-0.709997,3.29882,1.02068,-0.709997,3.29882,2.91497e-07,-0.486103,3.5966,1.02068,-0.486103,3.5966,2.35375e-07,5.43925e-15,-1.03266,1.02068,0.417221,0.473594,1.33577e-07,0.417221,0.473594,1.02068,0,-1.03266,-2.96069e-09,0.73839,1.63308,1.02068,1.2123,3.34399,3.93772e-07,1.2123,3.34399,1.02068,0.73839,1.63308,2.38682e-07,1.6672,2.2592,1.02068,2.69848,3.94899,2.67319e-07,2.69848,3.94899,1.02068,1.6672,2.2592,1.60058e-07,5.43925e-15,0.39194,1.02068,-0.709997,3.29882,2.91497e-07,-0.709997,3.29882,1.02068,0,0.39194,7.17911e-08]},"normal":{"type":"float32","components":3,