{"model":{"version":3,"nodes":[{"name":"RootNode","position":[0,0,0],"rotation":[0,0,0],"scale":[0.01,0.01,0.01],"scaleCompensation":false},{"name":"Text","position":[0,0,0],"rotation":[2.50448e-06,-0,0],"scale":[100,100,100],"scaleCompensation":false}],"parents":[-1,0],"skins":[],"morphs":[],"vertices":[{"position":{"type":"float32","components":3,"data":[4,0.266667,0.19,4.2,0.533333,0.19,4,0.733333,0.19,4.2,0.533333,0.19,4.73333,0.733333,0.19,4,0.733333,0.19,4.2,0.533333,0.19,4.73333,0.533333,0.19,4.73333,0.733333,0.19,4,0.266667,0.19,4.2,0.466667,0.19,4.2,0.533333,0.19,4,0.266667,0.19,4.73333,0.466667,0.19,4.2,0.466667,0.19,4.53333,0.266667,0.19,4.73333,0,0.19,4.53333,0.2,0.19,4.73333,0,0.19,4.53333,0.266667,0.19,4,0,0.19,4.53333,0.2,0.19,4,0.2,0.19,4,0,0.19,4.53333,0.2,0.19,3.2,0,0.19,3.4,0.733333,0.19,3.2,0.733333,0.19,3.4,0.2,0.19,3.73333,0.2,0.19,3.93333,0.733333,0.19,3.73333,0.733333,0.19,3.93333,0,0.19,2.4,0,0.19,2.6,0.379333,0.19,2.4,0.819333,0.19,2.6,0.379333,0.19,2.93333,0.354,0.19,2.4,0.819333,0.19,3.13333,0.733333,0.19,2.93333,0.733333,0.19,3.13333,-0.086,0.19,2.4,0,0.19,2.6,0,0.19,3.13333,-0.086,0.19,2.93333,0.354,0.19,2.6,0.379333,0.19,1.6,0,0.19,1.8,0.533333,0.19,1.6,0.733333,0.19,2.33333,0.733333,0.19,1.8,0.533333,0.19,2.33333,0.533333,0.19,2.33333,0.733333,0.19,1.6,0,0.19,1.8,0.2,0.19,1.8,0.533333,0.19,1.6,0,0.19,2.33333,0.2,0.19,1.8,0.2,0.19,2.33333,0,0.19,2.33333,0.2,0.19,0.8,0,0.19,1.53333,0.2,0.19,0.8,0.2,0.19,1.53333,0,0.19,0.8,0.266667,0.19,1.53333,0.466667,0.19,0.8,0.466667,0.19,1.53333,0.266667,0.19,0.8,0.533333,0.19,1.53333,0.733333,0.19,0.8,0.733333,0.19,1.53333,0.533333,0.19,0,0.533333,0.19,0.733333,0.733333,0.19,0,0.733333,0.19,0.733333,0.533333,0.19,0.266667,0.533333,0.19,0.266667,0,0.19,0.466667,0.533333,0.19,0.466667,0,0.19,4.2,0.533333,-0.19,4,0.266667,-0.19,4,0.733333,-0.19,4.73333,0.733333,-0.19,4.2,0.533333,-0.19,4,0.733333,-0.19,4.73333,0.533333,-0.19,4.2,0.533333,-0.19,4.73333,0.733333,-0.19,4.2,0.466667,-0.19,4,0.266667,-0.19,4.73333,0.466667,-0.19,4,0.266667,-0.19,4.2,0.466667,-0.19,4.53333,0.266667,-0.19,4.73333,0,-0.19,4.53333,0.266667,-0.19,4.73333,0.466667,-0.19,4.73333,0,-0.19,4.53333,0.2,-0.19,4.53333,0.266667,-0.19,4.53333,0.2,-0.19,4,0,-0.19,4,0.2,-0.19,4.73333,0,-0.19,4,0,-0.19,4.53333,0.2,-0.19,3.4,0.733333,-0.19,3.2,0,-0.19,3.2,0.733333,-0.19,3.4,0.2,-0.19,3.93333,0.733333,-0.19,3.73333,0.2,-0.19,3.73333,0.733333,-0.19,3.93333,0,-0.19,2.6,0.379333,-0.19,2.4,0,-0.19,2.4,0.819333,-0.19,2.93333,0.354,-0.19,3.13333,0.733333,-0.19,2.93333,0.733333,-0.19,3.13333,-0.086,-0.19,2.93333,0.354,-0.19,3.13333,0.733333,-0.19,2.6,0,-0.19,3.13333,-0.086,-0.19,1.8,0.533333,-0.19,1.6,0,-0.19,1.6,0.733333,-0.19,2.33333,0.733333,-0.19,2.33333,0.533333,-0.19,1.8,0.533333,-0.19,2.33333,0.733333,-0.19,1.8,0.2,-0.19,1.6,0,-0.19,1.8,0.533333,-0.19,2.33333,0.2,-0.19,1.6,0,-0.19,1.8,0.2,-0.19,2.33333,0,-0.19,2.33333,0.2,-0.19,1.53333,0.2,-0.19,0.8,0,-0.19,0.8,0.2,-0.19,1.53333,0,-0.19,1.53333,0.466667,-0.19,0.8,0.266667,-0.19,0.8,0.466667,-0.19,1.53333,0.266667,-0.19,1.53333,0.733333,-0.19,0.8,0.533333,-0.19,0.8,0.733333,-0.19,1.53333,0.533333,-0.19,0.733333,0.733333,-0.19,0,0.533333,-0.19,0,0.733333,-0.19,0.733333,0.533333,-0.19,0.733333,0.533333,-0.19,0.266667,0.533333,-0.19,0,0.533333,-0.19,0.466667,0.533333,-0.19,0.266667,0,-0.19,0.266667,0.533333,-0.19,0.466667,0.533333,-0.19,0.466667,0,-0.19,0.466667,0.533333,0.19,0.466667,0.533333,-0.19,0.733333,0.533333,0.19,0.733333,0.533333,-0.19,0.466667,0,0.19,0.466667,0,-0.19,0.266667,0,0.19,0.266667,0,-0.19,0.266667,0.533333,0.19,0.266667,0.533333,-0.19,0,0.533333,0.19,0,0.533333,-0.19,0,0.733333,0.19,0,0.733333,-0.19,0.733333,0.733333,0.19,0.733333,0.733333,-0.19,0.733333,0.533333,0.19,0.733333,0.533333,-0.19,1.53333,0.533333,0.19,1.53333,0.533333,-0.19,1.53333,0.733333,0.19,1.53333,0.733333,-0.19,0.8,0.533333,0.19,0.8,0.533333,-0.19,0.8,0.733333,0.19,0.8,0.733333,-0.19,1.53333,0.733333,0.19,1.53333,0.733333,-0.19,1.53333,0.266667,0.19,1.53333,0.266667,-0.19,1.53333,0.466667,0.19,1.53333,0.466667,-0.19,0.8,0.266667,0.19,0.8,0.266667,-0.19,0.8,0.466667,0.19,0.8,0.466667,-0.19,1.53333,0.466667,0.19,1.53333,0.466667,-0.19,1.53333,0,-0.19,1.53333,0.2,0.19,1.53333,0,0.19,1.53333,0.2,-0.19,0.8,0,0.19,0.8,0,-0.19,0.8,0.2,-0.19,0.8,0.2,0.19,1.53333,0.2,0.19,1.53333,0.2,-0.19,1.6,0.733333,0.19,2.33333,0.733333,0.19,2.33333,0.733333,-0.19,1.6,0.733333,-0.19,2.33333,0.533333,0.19,2.33333,0.533333,-0.19,1.8,0.533333,0.19,1.8,0.533333,-0.19,1.8,0.2,0.19,1.8,0.2,-0.19,2.33333,0.2,0.19,2.33333,0.2,-0.19,2.33333,0,-0.19,2.33333,0,0.19,1.6,0,0.19,1.6,0,-0.19,1.6,0.733333,0.19,1.6,0.733333,-0.19,2.6,0.379333,0.19,2.6,0.379333,-0.19,3.13333,-0.086,0.19,3.13333,-0.086,-0.19,2.6,0,0.19,2.6,0,-0.19,2.4,0,0.19,2.4,0,-0.19,2.4,0.819333,0.19,2.4,0.819333,-0.19,2.93333,0.354,0.19,2.93333,0.354,-0.19,2.93333,0.733333,-0.19,2.93333,0.733333,0.19,3.13333,0.733333,0.19,3.13333,0.733333,-0.19,3.13333,-0.086,-0.19,3.13333,-0.086,0.19,3.2,0,0.19,3.2,0.733333,0.19,3.2,0.733333,-0.19,3.2,0,-0.19,3.4,0.733333,0.19,3.4,0.733333,-0.19,3.4,0.2,0.19,3.4,0.2,-0.19,3.73333,0.2,0.19,3.73333,0.2,-0.19,3.73333,0.733333,0.19,3.73333,0.733333,-0.19,3.93333,0.733333,0.19,3.93333,0.733333,-0.19,3.93333,0,0.19,3.93333,0,-0.19,3.2,0,0.19,3.2,0,-0.19,4,0.733333,0.19,4.73333,0.733333,0.19,4.73333,0.733333,-0.19,4,0.733333,-0.19,4.73333,0.533333,0.19,4.73333,0.533333,-0.19,4.2,0.533333,0.19,4.2,0.533333,-0.19,4.2,0.466667,-0.19,4.2,0.466667,0.19,4.73333,0.466667,0.19,4.73333,0.466667,-0.19,4.73333,0,0.19,4.73333,0,-0.19,4,0,0.19,4,0,-0.19,4,0.2,-0.19,4,0.2,0.19,4.53333,0.2,-0.19,4.53333,0.2,0.19,4.53333,0.266667,0.19,4.53333,0.266667,-0.19,4,0.266667,0.19,4,0.266667,-0.19,4,0.733333,-0.19,4,0.733333,0.19]},"normal":{"type":"float32","components":3,